{
  "obj_class": [
    [
      0,
      20,
      74,
      91,
      117,
      67,
      90,
      111,
      111,
      113,
      144,
      90,
      103,
      112,
      113,
      0,
      0,
      0,
      0,
      0,
      0
    ]
  ],
  "obj_bbox": [
    [
      [0.0, 0.0, 1.0, 1.0],
      [
        0.279296875,
        0.0,
        0.580078125,
        0.60595703125
      ],
      [
        0.27880859375,
        0.0,
        0.46337890625,
        0.60205078125
      ],
      [
        0.0,
        0.11328125,
        0.09228515625,
        0.2734375
      ],
      [
        0.25146484375,
        0.22509765625,
        0.53759765625,
        0.64599609375
      ],
      [
        0.28271484375,
        0.0,
        0.46728515625,
        0.19970703125
      ],
      [
        0.6953125,
        0.123046875,
        0.73828125,
        0.263671875
      ],
      [
        0.0,
        0.1298828125,
        0.0546875,
        0.1884765625
      ],
      [
        0.6953125,
        0.1396484375,
        0.73828125,
        0.1923828125
      ],
      [
        0.689453125,
        0.189453125,
        0.740234375,
        0.234375
      ],
      [
        0.25341796875,
        0.5419921875,
        0.44189453125,
        0.6083984375
      ],
      [
        0.6376953125,
        0.08056640625,
        0.7060546875,
        0.25927734375
      ],
      [
        0.005859375,
        0.255859375,
        0.884765625,
        0.658203125
      ],
      [
        0.27685546875,
        0.4453125,
        0.45751953125,
        0.6015625
      ],
      [
        0.283203125,
        0.0,
        0.53125,
        0.20166015625
      ],
      [
        0.0,
        0.0,
        0.0,
        0.0
      ],
      [
        0.0,
        0.0,
        0.0,
        0.0
      ],
      [
        0.0,
        0.0,
        0.0,
        0.0
      ],
      [
        0.0,
        0.0,
        0.0,
        0.0
      ],
      [
        0.0,
        0.0,
        0.0,
        0.0
      ],
      [
        0.0,
        0.0,
        0.0,
        0.0
      ]
    ]
  ],
  "is_valid_obj": [
    [
      1,
      1,
      1,
      1,
      1,
      1,
      1,
      1,
      1,
      1,
      1,
      1,
      1,
      1,
      0,
      0,
      0,
      0,
      0,
      0
    ]
  ]
}